inputs,response
고양이는 하루에 몇 시간 자나요?,고양이는 하루 평균 12~16시간 정도 잠을 잡니다.
고양이는 왜 낮잠을 자주 자나요?,고양이는 포식자로서 에너지를 절약하기 위해 낮잠을 자주 잡니다.
고양이가 목을 골골거리는 이유는 무엇인가요?,"목을 골골거리는 소리는 편안함, 만족감, 또는 치유의 의미를 가질 수 있습니다."
고양이의 수염은 어떤 역할을 하나요?,고양이 수염은 주변 환경을 감지하고 균형을 유지하는 데 도움을 줍니다.
고양이는 왜 캣닢에 반응하나요?,캣닢에 포함된 네페탈락톤이라는 화학 성분에 반응하기 때문입니다.
고양이가 털을 핥는 이유는 무엇인가요?,털을 핥는 행동은 몸을 깨끗하게 유지하고 체취를 없애기 위한 본능입니다.
고양이는 왜 상자를 좋아하나요?,상자는 고양이에게 안전하고 아늑한 공간을 제공합니다.
고양이에게 가장 안전한 음식은 무엇인가요?,"고양이에게 안전한 음식은 닭고기, 생선, 고양이용 사료 등입니다."
고양이는 왜 가끔 등을 아치형으로 만드나요?,등을 아치형으로 만드는 행동은 방어 자세를 취하거나 놀 준비를 나타냅니다.
고양이는 왜 벽을 긁는 행동을 하나요?,벽 긁기는 스트레칭과 발톱 관리를 위한 본능적인 행동입니다.
고양이가 꼬리를 세우는 이유는 무엇인가요?,꼬리를 세우는 것은 고양이가 기분이 좋거나 반가움을 표현하는 행동입니다.
고양이에게 독이 되는 음식은 무엇인가요?,"초콜릿, 양파, 마늘, 포도 등은 고양이에게 독성이 있습니다."
고양이는 왜 야간에 활동적일까요?,고양이는 야행성이기 때문에 야간에 더 활동적입니다.
고양이의 평균 수명은 몇 년인가요?,고양이의 평균 수명은 약 12~16년입니다.
고양이가 꼬리로 신호를 보내는 이유는 무엇인가요?,꼬리 움직임은 고양이의 감정 상태를 나타냅니다.
고양이 발톱은 왜 자주 갈아야 하나요?,발톱을 갈아야 발톱이 과도하게 자라는 것을 방지할 수 있습니다.
고양이가 머리를 부비는 이유는 무엇인가요?,머리를 부비는 것은 고양이가 자신의 체취를 남기기 위한 행동입니다.
고양이는 왜 물 마시기를 꺼려하나요?,물 대신 다른 수분 공급원이 필요할 수 있습니다. 예: 습식 사료.
고양이에게 가장 적합한 놀이 방법은 무엇인가요?,"고양이는 낚싯대 장난감, 공 등 움직이는 장난감을 좋아합니다."
고양이는 왜 높은 곳에 올라가기를 좋아하나요?,높은 곳은 고양이에게 안전하고 주위를 관찰하기 좋은 위치입니다.
고양이가 자꾸 발을 핥는 이유는 무엇인가요?,발을 핥는 것은 청결 유지나 불편함을 해소하기 위함입니다.
고양이는 왜 물건을 바닥에 떨어뜨릴까요?,물건을 떨어뜨리는 행동은 호기심이나 사냥 본능에서 비롯됩니다.
고양이를 입양하기 전에 고려해야 할 점은 무엇인가요?,"고양이의 성격, 건강 상태, 환경 적응력을 미리 확인해야 합니다."
고양이가 높은 곳에서 뛰어내려도 다치지 않는 이유는 무엇인가요?,고양이는 뛰어난 균형 감각과 유연한 척추 구조를 가지고 있습니다. 착지할 때 몸을 뒤집어 충격을 최소화하는 '공중 자세 반사' 능력이 있습니다.
고양이가 갑자기 공격적으로 변한 이유는 무엇인가요?,"공격적인 행동은 고양이가 스트레스, 공포, 혹은 건강 문제를 겪고 있을 가능성을 나타냅니다. 환경 변화나 새로운 동물의 등장도 원인일 수 있으니 주의를 기울이세요."
고양이가 물을 꺼려할 때 어떻게 해야 하나요?,"많은 고양이들은 정체된 물보다 흐르는 물을 더 선호합니다. 고양이 전용 분수대를 제공하거나, 사료 대신 습식 사료로 수분 섭취를 돕는 것이 좋습니다."
고양이는 왜 사람을 물고 핥나요?,"고양이가 사람을 무는 것은 놀이의 일부이거나, 사랑의 표현으로 가볍게 무는 행동일 수 있습니다. 또한 핥는 것은 고양이끼리 친밀감을 표현하는 행동으로, 주인에게도 같은 애정을 표현하려는 것입니다."
고양이가 등을 보이며 눕는 이유는 무엇인가요?,고양이가 등을 보이며 눕는 것은 신뢰와 편안함을 나타냅니다. 하지만 반드시 배를 만져달라는 신호는 아니므로 고양이의 기분을 잘 살펴야 합니다.
고양이는 왜 종종 냄새를 맡고 입을 벌리나요?,"이 행동은 '플레멘 반응'이라고 하며, 고양이가 특정 냄새를 분석하기 위해 사용하는 방법입니다. 입천장에 있는 후각 기관인 야콥슨 기관을 활용하여 냄새 정보를 처리합니다."
고양이는 왜 꼬리로 다리를 툭툭 칠까요?,"꼬리로 사람의 다리를 치는 행동은 주의를 끌거나, 자신이 기분이 좋다는 것을 표현하는 행동입니다. 때로는 간식이나 놀이를 요구하는 신호일 수도 있습니다."
고양이는 왜 배변 후 흙을 덮는 행동을 하나요?,흙을 덮는 행동은 자신의 흔적을 숨기기 위한 본능입니다. 이는 야생에서 포식자로부터 자신을 보호하기 위해 발달한 행동입니다.
고양이가 장난감을 물고 오는 이유는 무엇인가요?,장난감을 물고 오는 것은 고양이가 사냥감을 잡아온 것처럼 행동하는 본능적 표현입니다. 이는 고양이가 주인을 가족으로 인식하며 보상받기를 원한다는 신호일 수 있습니다.
고양이는 왜 사람을 따라다니나요?,"고양이가 주인을 따라다니는 것은 애정과 관심을 원한다는 표시입니다. 특히 주인이 움직이는 것을 관찰하며 놀이를 기대하거나, 단순히 함께 시간을 보내고 싶어하는 행동입니다."
고양이가 다른 고양이와 코를 맞대는 이유는 무엇인가요?,코를 맞대는 행동은 고양이들 간의 인사 방식 중 하나입니다. 상대방의 냄새를 통해 서로의 상태를 파악하고 신뢰를 표현하는 방법입니다.
